CREATE DATABASE fitquest;

USE fitquest;

CREATE TABLE User (
    user_id INT AUTO_INCREMENT PRIMARY KEY,
    email VARCHAR(100) UNIQUE NOT NULL,
    password VARCHAR(255) NOT NULL,
    name VARCHAR(50) NOT NULL,
    phone_number VARCHAR(20),
    nickname VARCHAR(50) UNIQUE NOT NULL,
    is_admin BOOLEAN DEFAULT FALSE,
    height FLOAT NOT NULL,
    weight FLOAT NOT NULL,
    age INT NOT NULL
);

CREATE TABLE Exercise (
    exercise_id INT AUTO_INCREMENT PRIMARY KEY,
    user_id INT,
    exercise_name VARCHAR(100) NOT NULL,
    exercise_type ENUM('근력', '유산소', '코어') NOT NULL,
    exercise_set INT,
    repetitions INT,
    weight FLOAT,
    distance FLOAT,
    time INT,
    speed FLOAT,
    indoor_outdoor ENUM('실내', '실외'),
    created_at DATETIME DEFAULT CURRENT_TIMESTAMP,
    FOREIGN KEY (user_id) REFERENCES User(user_id)
);

CREATE TABLE Diet (
    diet_id INT AUTO_INCREMENT PRIMARY KEY,
    user_id INT,
    food_name VARCHAR(100) NOT NULL,
    calories INT NOT NULL,
    meal_type ENUM('아침', '점심', '저녁') NOT NULL,
    created_at DATETIME DEFAULT CURRENT_TIMESTAMP,
    FOREIGN KEY (user_id) REFERENCES User(user_id)
);

CREATE TABLE Post (
    post_id INT AUTO_INCREMENT PRIMARY KEY,
    user_id INT,
    category ENUM('자유', '질문', '모임') NOT NULL,
    title VARCHAR(255) NOT NULL,
    content TEXT NOT NULL,
    created_at DATETIME DEFAULT CURRENT_TIMESTAMP,
    views INT DEFAULT 0,
    likes INT DEFAULT 0,
    attachment_path VARCHAR(255),
    FOREIGN KEY (user_id) REFERENCES User(user_id)
);

CREATE TABLE Comment (
    comment_id INT AUTO_INCREMENT PRIMARY KEY,
    post_id INT,
    user_id INT,
    content TEXT NOT NULL,
    created_at DATETIME DEFAULT CURRENT_TIMESTAMP,
    likes INT DEFAULT 0,
    FOREIGN KEY (post_id) REFERENCES Post(post_id),
    FOREIGN KEY (user_id) REFERENCES User(user_id)
);

INSERT INTO User (user_id, email, password, name, phone_number, nickname, is_admin, height, weight, age)
VALUES 
(1, 'chatbot@fitquest.com', '$2y$10$Zxoms5Pk6LFaKWNs5QXbpOua3954.q11TfaltZQpc4ceCPrvw14fi', '챗봇', NULL, 'FitQuestBot', TRUE, 0, 0, 0),
(2, 'alice@example.com', '$2y$10$t2lkYE3khk74hqRQ8z005OL6uWAhh1j5Z.rbjkuviNytCKVuDaHy6', '김알리', '010-1234-5678', '운동하는알리', FALSE, 165.5, 60.0, 30),
(3, 'bob@example.com', '$2y$10$nre.fHs9lINDx0vQyXhG4uTvPV0K428sK/BjGOfIgjHbDQ1dfQWGy', '박밥', '010-5678-1234', '달리는밥', FALSE, 180.0, 75.0, 28),
(4, 'charlie@example.com', '$2y$10$kHClAQ4pZe14UxmS4T3uqO9PLXg21pX6x6FpkO77XRsqqhNN81yBq', '이차리', '010-1111-2222', '헬스차리', FALSE, 172.0, 68.0, 32),
(5, 'dana@example.com', '$2y$10$kqSYzZCkTdXBSFuXM6zGOe6vn1HJZVfcD6.7D2mbsHeSzg.RNLxLu', '최다나', '010-3333-4444', '건강한다나', FALSE, 160.0, 55.0, 27),
(6, 'eve@example.com', '$2y$10$aJQh0UBdaBzmybB1dkZDa.CXYGzcoHh58cY5iXcEyF.ONmzW73SwS', '장이브', '010-5555-6666', '강철이브', FALSE, 170.0, 63.0, 26);

-- Post 테이블
INSERT INTO Post (user_id, category, title, content, created_at, views, likes, attachment_path)
VALUES 
(2, '자유', '오늘 운동 너무 힘들었어요', '오늘 푸쉬업 100개를 도전했는데 정말 힘들었어요. 하지만 끝까지 해냈습니다!', '2024-11-24 10:00:00', 45, 12, NULL),
(3, '질문', '런닝머신 속도를 어떻게 설정하면 좋을까요?', '운동 초보인데 런닝머신 속도를 어떻게 설정해야 적당할지 고민입니다.', '2024-11-24 11:00:00', 30, 5, NULL),
(4, '모임', '이번 주말에 함께 등산 가실 분?', '서울 근처에서 가볍게 등산을 계획하고 있습니다. 관심 있으신 분 댓글 달아주세요!', '2024-11-24 15:00:00', 55, 10, NULL),
(5, '자유', '건강한 다이어트 식단 추천해요!', '이번 주에 저녁 식사로 닭가슴살 샐러드를 먹었는데 정말 맛있었어요.', '2024-11-24 18:00:00', 78, 25, NULL),
(6, '질문', '헬스장에서 무릎이 아프면 어떻게 해야 하나요?', '스쿼트를 하다가 무릎이 아팠는데 어떻게 관리하면 좋을지 궁금합니다.', '2024-11-24 20:00:00', 62, 14, NULL),
(2, '모임', '주말 달리기 모임 함께해요!', '이번 주 토요일 아침에 한강에서 함께 달리실 분 모집합니다!', '2024-11-24 22:00:00', 95, 30, NULL),
(3, '자유', '홈트레이닝으로 뱃살 빼기 성공했어요!', '꾸준히 홈트레이닝 하니 뱃살이 빠졌어요. 여러분도 도전해보세요!', '2024-11-25 08:00:00', 110, 35, NULL),
(4, '질문', '운동 후 근육통 완화 방법이 궁금해요', '운동 후 근육이 너무 아파서 스트레칭 외에 좋은 방법 있으면 알려주세요.', '2024-11-25 09:30:00', 85, 22, NULL),
(5, '모임', '다음 주 요가 클래스 모집', '초보자를 위한 요가 클래스를 계획 중입니다. 함께 하실 분 모집해요.', '2024-11-25 10:00:00', 60, 18, NULL),
(6, '자유', '오늘의 식단 기록', '아침에 바나나 한 개, 점심에 닭가슴살 샐러드, 저녁엔 고구마를 먹었습니다.', '2024-11-25 11:00:00', 35, 10, NULL),
(2, '질문', '체중 감량에 가장 효과적인 운동은?', '체중 감량에 효과적인 운동으로 어떤 게 좋은지 추천 부탁드립니다.', '2024-11-25 12:30:00', 42, 8, NULL),
(3, '모임', '이번 주말 자전거 라이딩 모집', '서울에서 가볍게 자전거 타실 분 구합니다. 초보도 환영입니다!', '2024-11-25 14:00:00', 50, 16, NULL),
(4, '자유', '오늘 달리기 10km 성공했어요!', '오늘은 정말 기분 좋은 날입니다. 처음으로 10km를 완주했어요!', '2024-11-25 15:30:00', 120, 40, NULL),
(5, '질문', '플랭크 자세가 잘못되었을까요?', '플랭크를 하면 허리가 아픈데 제가 자세를 잘못하고 있는 건지 궁금합니다.', '2024-11-25 16:00:00', 70, 12, NULL),
(6, '모임', '서울 근교 캠핑 모임 모집합니다', '운동 겸 캠핑 좋아하시는 분들 함께 하실래요?', '2024-11-25 17:00:00', 88, 20, NULL),
(2, '자유', '다이어트 중인데 너무 힘드네요', '이틀 동안 운동과 식단을 잘 지켰는데 정말 힘드네요. 응원 부탁드려요.', '2024-11-25 18:00:00', 95, 28, NULL),
(3, '질문', '운동화 추천 부탁드려요!', '유산소 운동에 적합한 운동화를 추천받고 싶어요. 어떤 브랜드가 좋은가요?', '2024-11-25 19:00:00', 40, 6, NULL),
(4, '모임', '주말 산악 자전거 모임', '이번 주말에 산악 자전거 타러 가실 분 구합니다!', '2024-11-25 20:00:00', 70, 15, NULL),
(5, '자유', '운동과 식단의 중요성', '운동만큼이나 식단도 정말 중요하다는 걸 느끼고 있어요.', '2024-11-25 21:00:00', 50, 14, NULL),
(6, '질문', '등 운동 시 허리 통증 완화 방법', '등 운동 중 허리가 뻐근한데 자세 문제일까요?', '2024-11-25 22:00:00', 60, 10, NULL),
(2, '모임', '아침 러닝 모임 멤버 구합니다!', '매일 아침 6시에 러닝하는 모임입니다. 함께 달리실 분 모집합니다.', '2024-11-25 23:00:00', 75, 22, NULL);

-- Exercise 테이블 더미 데이터
INSERT INTO Exercise (user_id, exercise_name, exercise_type, exercise_set, repetitions, weight, distance, time, speed, indoor_outdoor, created_at)
VALUES
(2, '벤치프레스', '근력', 4, 12, 50.0, NULL, NULL, NULL, '실내', '2024-11-24 08:00:00'),
(2, '스쿼트', '근력', 3, 15, 60.0, NULL, NULL, NULL, '실내', '2024-11-24 09:00:00'),
(3, '달리기', '유산소', NULL, NULL, NULL, 5.0, 30, 10.0, '실외', '2024-11-24 06:30:00'),
(3, '사이클', '유산소', NULL, NULL, NULL, 20.0, 60, 20.0, '실내', '2024-11-24 07:30:00'),
(4, '푸쉬업', '근력', 3, 20, NULL, NULL, NULL, NULL, '실내', '2024-11-24 08:30:00'),
(4, '플랭크', '코어', NULL, NULL, NULL, NULL, 3, NULL, '실내', '2024-11-24 09:00:00'),
(5, '자전거 타기', '유산소', NULL, NULL, NULL, 10.0, 40, 15.0, '실외', '2024-11-24 07:00:00'),
(5, '풀업', '근력', 3, 8, NULL, NULL, NULL, NULL, '실내', '2024-11-24 10:00:00'),
(6, '걷기', '유산소', NULL, NULL, NULL, 3.0, 40, 4.5, '실외', '2024-11-24 18:00:00'),
(6, '크런치', '코어', 3, 30, NULL, NULL, NULL, NULL, '실내', '2024-11-24 19:00:00'),
(2, '데드리프트', '근력', 3, 10, 70.0, NULL, NULL, NULL, '실내', '2024-11-25 08:00:00'),
(3, '줄넘기', '유산소', NULL, NULL, NULL, NULL, 20, NULL, '실외', '2024-11-25 09:00:00'),
(4, '윗몸 일으키기', '코어', 3, 25, NULL, NULL, NULL, NULL, '실내', '2024-11-25 08:30:00'),
(5, '레그프레스', '근력', 3, 15, 80.0, NULL, NULL, NULL, '실내', '2024-11-25 10:30:00'),
(6, '러닝머신', '유산소', NULL, NULL, NULL, 6.0, 40, 9.0, '실내', '2024-11-25 07:30:00'),
(2, '케틀벨 스윙', '근력', 3, 20, 20.0, NULL, NULL, NULL, '실내', '2024-11-25 09:00:00'),
(3, '스텝업', '근력', 4, 12, 15.0, NULL, NULL, NULL, '실내', '2024-11-25 10:00:00'),
(4, '하이킹', '유산소', NULL, NULL, NULL, 10.0, 120, 5.0, '실외', '2024-11-25 14:00:00'),
(5, '버피 테스트', '근력', 4, 10, NULL, NULL, NULL, NULL, '실내', '2024-11-25 15:00:00'),
(6, '수영', '유산소', NULL, NULL, NULL, 2.0, 60, 3.0, '실내', '2024-11-25 16:30:00'),
(2, '사이드 플랭크', '코어', 3, 40, NULL, NULL, 3, NULL, '실내', '2024-11-25 20:00:00'),
(3, '마운틴 클라이머', '코어', 4, 50, NULL, NULL, NULL, NULL, '실내', '2024-11-25 21:00:00');

-- Diet 테이블 더미 데이터
INSERT INTO Diet (user_id, food_name, calories, meal_type, created_at)
VALUES
(2, '닭가슴살 샐러드', 350, '점심', '2024-11-24 12:00:00'),
(2, '단호박 스프', 250, '저녁', '2024-11-24 18:30:00'),
(3, '계란 후라이 2개', 200, '아침', '2024-11-24 07:00:00'),
(3, '스파게티', 450, '점심', '2024-11-24 13:00:00'),
(4, '현미밥', 150, '아침', '2024-11-24 08:00:00'),
(4, '된장찌개', 300, '점심', '2024-11-24 12:30:00'),
(5, '오트밀', 180, '아침', '2024-11-24 07:30:00'),
(5, '닭가슴살, 브로콜리', 400, '저녁', '2024-11-24 19:00:00'),
(6, '고구마', 120, '아침', '2024-11-24 08:00:00'),
(6, '김치찌개', 350, '점심', '2024-11-24 12:00:00'),
(2, '샐러드(양상추, 토마토, 오이)', 150, '저녁', '2024-11-24 19:00:00'),
(3, '연어 스테이크', 350, '저녁', '2024-11-24 19:30:00'),
(4, '바나나', 100, '점심', '2024-11-24 15:00:00'),
(5, '불고기', 500, '점심', '2024-11-24 13:30:00'),
(6, '시금치 나물', 80, '저녁', '2024-11-24 18:30:00'),
(2, '그릭 요거트', 150, '아침', '2024-11-25 10:00:00'),
(3, '두부 샐러드', 250, '저녁', '2024-11-25 19:00:00'),
(4, '닭가슴살 구이', 350, '저녁', '2024-11-25 19:30:00'),
(5, '잡곡밥', 200, '점심', '2024-11-25 12:30:00'),
(6, '볶음밥', 400, '점심', '2024-11-25 13:00:00'),
(2, '스무디(딸기, 바나나, 요거트)', 220, '점심', '2024-11-25 16:00:00'),
(3, '닭가슴살', 250, '점심', '2024-11-25 12:00:00'),
(4, '미트볼 스파게티', 500, '저녁', '2024-11-25 19:00:00'),
(5, '야채 볶음', 180, '저녁', '2024-11-25 16:30:00'),
(6, '치킨 샐러드', 350, '점심', '2024-11-25 13:30:00'),
(2, '아보카도 토스트', 300, '아침', '2024-11-25 07:30:00'),
(3, '참치 샐러드', 280, '저녁', '2024-11-25 19:00:00'),
(4, '계란찜', 150, '점심', '2024-11-25 12:00:00'),
(5, '미역국', 100, '저녁', '2024-11-25 19:00:00');

-- Comment 테이블 더미 데이터
INSERT INTO Comment (post_id, user_id, content, created_at, likes)
VALUES
(1, 3, '푸쉬업 100개라니 대단하시네요! 저도 도전해봐야겠어요.', '2024-11-24 10:30:00', 5),
(1, 4, '정말 힘드셨겠어요! 그래도 완주하신 게 멋져요.', '2024-11-24 11:00:00', 3),
(2, 5, '초보시면 속도 6~7 정도로 시작하시는 걸 추천드려요.', '2024-11-24 11:30:00', 8),
(2, 6, '처음엔 천천히 걷기로 몸을 풀고 조금씩 올려보세요.', '2024-11-24 12:00:00', 6),
(3, 2, '등산 모임 너무 좋네요! 다음 주엔 어떤 코스를 가시나요?', '2024-11-24 15:30:00', 4),
(3, 4, '저도 참여하고 싶어요! 자세한 일정 알려주세요~', '2024-11-24 16:00:00', 7),
(4, 6, '닭가슴살 샐러드는 저도 애용하는 메뉴입니다. 건강하세요!', '2024-11-24 18:30:00', 9),
(4, 3, '다이어트 식단으로 좋은 것 같아요. 추천 감사드려요!', '2024-11-24 19:00:00', 2),
(5, 2, '무릎이 아프시면 자세를 점검해보세요. 전문가에게 상담도 추천드립니다.', '2024-11-24 20:30:00', 12),
(5, 3, '무릎 보호대를 사용해보세요. 저한테도 효과가 있더라고요.', '2024-11-24 21:00:00', 5),
(6, 5, '한강 달리기 모임이라니 멋져요! 저도 참여할게요!', '2024-11-24 22:30:00', 10),
(6, 4, '날씨만 좋으면 너무 좋겠네요. 기대됩니다.', '2024-11-24 23:00:00', 3),
(7, 2, '홈트로 뱃살을 뺄 수 있다니 동기부여가 되네요!', '2024-11-25 08:30:00', 7),
(7, 6, '구체적으로 어떤 운동을 하셨는지 궁금합니다.', '2024-11-25 09:00:00', 4),
(8, 4, '운동 후에는 따뜻한 물로 샤워하면 근육통이 완화돼요.', '2024-11-25 09:45:00', 6),
(8, 3, '마사지 건도 효과가 좋아요. 추천드립니다.', '2024-11-25 10:00:00', 8),
(9, 5, '요가 클래스 정말 기대됩니다. 초보도 괜찮나요?', '2024-11-25 10:30:00', 11),
(9, 2, '시간대가 어떻게 되나요? 저도 참여하고 싶어요.', '2024-11-25 11:00:00', 5),
(10, 6, '식단 관리 정말 잘하시네요! 고구마는 완벽한 선택이에요.', '2024-11-25 11:30:00', 9),
(10, 3, '저도 오늘부터 기록 시작해야겠어요. 동기부여 감사합니다.', '2024-11-25 12:00:00', 4),
(11, 4, '체중 감량엔 유산소 운동이 효과적이에요. 걷기부터 시작해보세요.', '2024-11-25 12:30:00', 6),
(11, 5, '다이어트할 땐 꾸준함이 제일 중요합니다. 화이팅!', '2024-11-25 13:00:00', 7),
(12, 2, '자전거 라이딩 모임이라니 너무 재미있겠어요!', '2024-11-25 14:30:00', 3),
(12, 6, '어느 코스로 가는지 알려주시면 참고할게요.', '2024-11-25 15:00:00', 2),
(13, 5, '10km 완주 축하드려요! 정말 대단하시네요.', '2024-11-25 15:30:00', 12),
(13, 4, '저도 도전해보고 싶습니다. 조언 부탁드려요!', '2024-11-25 16:00:00', 8),
(14, 3, '플랭크 자세는 허리가 일직선인지 확인해보세요.', '2024-11-25 16:30:00', 5),
(14, 2, '거울을 보며 자세를 체크하는 것도 도움됩니다.', '2024-11-25 17:00:00', 4),
(15, 6, '캠핑 모임이라니 운동도 하고 힐링도 될 것 같아요!', '2024-11-25 17:30:00', 7),
(15, 5, '참여하고 싶습니다. 준비물은 무엇이 필요한가요?', '2024-11-25 18:00:00', 3);




SELECT * FROM User;
SELECT * FROM Exercise;
SELECT * FROM Diet;
SELECT * FROM Post;
SELECT * FROM Comment;
